subject_id	subject_label	predicate_id	object_id	object_label	confidence	mapping_justification	date	creator_id	subject_source_version	object_source_version
CO_340:0000509	Chlorophyll content	skos:exactMatch	TO:0012002	leaf chlorophyll content	1	sssom:HumanCuration	06/03/2023	orcid:0000-0002-6379-8932|orcid:0000-0002-8461-9745	https://raw.githubusercontent.com/Planteome/CO_340-cowpea-traits/d31aac2ffc87810e769157920e3d1949ac28617a/cowpea_TD.csv	http://purl.obolibrary.org/obo/to/releases/2018-03-09/to.owl
CO_340:0000269	Drought induced senescence	skos:exactMatch	TO:0000276	drought tolerance	1	sssom:HumanCuration	06/03/2023	orcid:0000-0002-6379-8932|orcid:0000-0002-8461-9745	https://raw.githubusercontent.com/Planteome/CO_340-cowpea-traits/d31aac2ffc87810e769157920e3d1949ac28617a/cowpea_TD.csv	http://purl.obolibrary.org/obo/to/releases/2018-03-09/to.owl
CO_340:0006644	Biomass at Maturity	skos:narrowMatch	TO:0000327	shoot system yield trait	1	sssom:HumanCuration	06/03/2023	orcid:0000-0002-6379-8932|orcid:0000-0002-8461-9745	https://raw.githubusercontent.com/Planteome/CO_340-cowpea-traits/d31aac2ffc87810e769157920e3d1949ac28617a/cowpea_TD.csv	http://purl.obolibrary.org/obo/to/releases/2018-03-09/to.owl
CO_340:0000434	Canopy Height	skos:exactMatch	TO:0000207	plant height	1	sssom:HumanCuration	06/03/2023	orcid:0000-0002-6379-8932|orcid:0000-0002-8461-9745	https://raw.githubusercontent.com/Planteome/CO_340-cowpea-traits/d31aac2ffc87810e769157920e3d1949ac28617a/cowpea_TD.csv	http://purl.obolibrary.org/obo/to/releases/2018-03-09/to.owl
CO_340:0000678	Capacity for re-growth	skos:narrowMatch	TO:0000250	plant vigor trait	1	sssom:HumanCuration	06/03/2023	orcid:0000-0002-6379-8932|orcid:0000-0002-8461-9745	https://raw.githubusercontent.com/Planteome/CO_340-cowpea-traits/d31aac2ffc87810e769157920e3d1949ac28617a/cowpea_TD.csv	http://purl.obolibrary.org/obo/to/releases/2018-03-09/to.owl
CO_340:0000530	Dry fodder weight	skos:narrowMatch	TO:0000327	shoot system yield trait	1	sssom:HumanCuration	06/03/2023	orcid:0000-0002-6379-8932|orcid:0000-0002-8461-9745	https://raw.githubusercontent.com/Planteome/CO_340-cowpea-traits/d31aac2ffc87810e769157920e3d1949ac28617a/cowpea_TD.csv	http://purl.obolibrary.org/obo/to/releases/2018-03-09/to.owl
CO_340:0004642	Fodder biomass at Flowering	skos:narrowMatch	TO:0000327	shoot system yield trait	1	sssom:HumanCuration	06/03/2023	orcid:0000-0002-6379-8932|orcid:0000-0002-8461-9745	https://raw.githubusercontent.com/Planteome/CO_340-cowpea-traits/d31aac2ffc87810e769157920e3d1949ac28617a/cowpea_TD.csv	http://purl.obolibrary.org/obo/to/releases/2018-03-09/to.owl
CO_340:0000677	Fresh biomass at flowering	skos:exactMatch	TO:0000457	total biomass yield	1	sssom:HumanCuration	06/03/2023	orcid:0000-0002-6379-8932|orcid:0000-0002-8461-9745	https://raw.githubusercontent.com/Planteome/CO_340-cowpea-traits/d31aac2ffc87810e769157920e3d1949ac28617a/cowpea_TD.csv	http://purl.obolibrary.org/obo/to/releases/2018-03-09/to.owl
CO_340:0000500	Fresh pod	skos:exactMatch	TO:0003030	legume fruit fresh weight	1	sssom:HumanCuration	06/03/2023	orcid:0000-0002-6379-8932|orcid:0000-0002-8461-9745	https://raw.githubusercontent.com/Planteome/CO_340-cowpea-traits/d31aac2ffc87810e769157920e3d1949ac28617a/cowpea_TD.csv	http://purl.obolibrary.org/obo/to/releases/2018-03-09/to.owl
CO_340:0000638	Grain yield	skos:exactMatch	TO:0000905	seed yield trait	1	sssom:HumanCuration	06/03/2023	orcid:0000-0002-6379-8932|orcid:0000-0002-8461-9745	https://raw.githubusercontent.com/Planteome/CO_340-cowpea-traits/d31aac2ffc87810e769157920e3d1949ac28617a/cowpea_TD.csv	http://purl.obolibrary.org/obo/to/releases/2018-03-09/to.owl
CO_340:0000242	Grain yield per plant	skos:narrowMatch	TO:0000905	seed yield trait	1	sssom:HumanCuration	06/03/2023	orcid:0000-0002-6379-8932|orcid:0000-0002-8461-9745	https://raw.githubusercontent.com/Planteome/CO_340-cowpea-traits/d31aac2ffc87810e769157920e3d1949ac28617a/cowpea_TD.csv	http://purl.obolibrary.org/obo/to/releases/2018-03-09/to.owl
CO_340:0000245	Grain yield per plot	skos:narrowMatch	TO:0000905	seed yield trait	1	sssom:HumanCuration	06/03/2023	orcid:0000-0002-6379-8932|orcid:0000-0002-8461-9745	https://raw.githubusercontent.com/Planteome/CO_340-cowpea-traits/d31aac2ffc87810e769157920e3d1949ac28617a/cowpea_TD.csv	http://purl.obolibrary.org/obo/to/releases/2018-03-09/to.owl
CO_340:0000371	GRPODKGH	skos:exactMatch	TO:0001092	legume fruit weight	1	sssom:HumanCuration	06/03/2023	orcid:0000-0002-6379-8932|orcid:0000-0002-8461-9745	https://raw.githubusercontent.com/Planteome/CO_340-cowpea-traits/d31aac2ffc87810e769157920e3d1949ac28617a/cowpea_TD.csv	http://purl.obolibrary.org/obo/to/releases/2018-03-09/to.owl
CO_340:0000293	Harvest index	skos:exactMatch	TO:0000897	seed harvest index	1	sssom:HumanCuration	06/03/2023	orcid:0000-0002-6379-8932|orcid:0000-0002-8461-9745	https://raw.githubusercontent.com/Planteome/CO_340-cowpea-traits/d31aac2ffc87810e769157920e3d1949ac28617a/cowpea_TD.csv	http://purl.obolibrary.org/obo/to/releases/2018-03-09/to.owl
CO_340:0000566	Leaf weight	skos:exactMatch	TO:0000505	leaf weight	1	sssom:HumanCuration	06/03/2023	orcid:0000-0002-6379-8932|orcid:0000-0002-8461-9745	https://raw.githubusercontent.com/Planteome/CO_340-cowpea-traits/d31aac2ffc87810e769157920e3d1949ac28617a/cowpea_TD.csv	http://purl.obolibrary.org/obo/to/releases/2018-03-09/to.owl
CO_340:0000620	Nodule number	skos:exactMatch	TO:0000900	root nodule number	1	sssom:HumanCuration	06/03/2023	orcid:0000-0002-6379-8932|orcid:0000-0002-8461-9745	https://raw.githubusercontent.com/Planteome/CO_340-cowpea-traits/d31aac2ffc87810e769157920e3d1949ac28617a/cowpea_TD.csv	http://purl.obolibrary.org/obo/to/releases/2018-03-09/to.owl
CO_340:0000617	Nodule weight	skos:exactMatch	TO:0000899	root nodule weight	1	sssom:HumanCuration	06/03/2023	orcid:0000-0002-6379-8932|orcid:0000-0002-8461-9745	https://raw.githubusercontent.com/Planteome/CO_340-cowpea-traits/d31aac2ffc87810e769157920e3d1949ac28617a/cowpea_TD.csv	http://purl.obolibrary.org/obo/to/releases/2018-03-09/to.owl
CO_340:0000683	Number of racemes	skos:exactMatch	TO:0000582	inflorescence number	1	sssom:HumanCuration	06/03/2023	orcid:0000-0002-6379-8932|orcid:0000-0002-8461-9745	https://raw.githubusercontent.com/Planteome/CO_340-cowpea-traits/d31aac2ffc87810e769157920e3d1949ac28617a/cowpea_TD.csv	http://purl.obolibrary.org/obo/to/releases/2018-03-09/to.owl
CO_340:0000578	PERCENT PROTEIN	skos:exactMatch	TO:0000598	protein content	1	sssom:HumanCuration	06/03/2023	orcid:0000-0002-6379-8932|orcid:0000-0002-8461-9745	https://raw.githubusercontent.com/Planteome/CO_340-cowpea-traits/d31aac2ffc87810e769157920e3d1949ac28617a/cowpea_TD.csv	http://purl.obolibrary.org/obo/to/releases/2018-03-09/to.owl
CO_340:0000676	Plant dry weight content	skos:exactMatch	TO:0000352	plant dry weight	1	sssom:HumanCuration	06/03/2023	orcid:0000-0002-6379-8932|orcid:0000-0002-8461-9745	https://raw.githubusercontent.com/Planteome/CO_340-cowpea-traits/d31aac2ffc87810e769157920e3d1949ac28617a/cowpea_TD.csv	http://purl.obolibrary.org/obo/to/releases/2018-03-09/to.owl
CO_340:0000639	Plant stand at emergence	skos:exactMatch	TO:0000202	germination ratio	1	sssom:HumanCuration	06/03/2023	orcid:0000-0002-6379-8932|orcid:0000-0002-8461-9745	https://raw.githubusercontent.com/Planteome/CO_340-cowpea-traits/d31aac2ffc87810e769157920e3d1949ac28617a/cowpea_TD.csv	http://purl.obolibrary.org/obo/to/releases/2018-03-09/to.owl
CO_340:0000674	Plant vigour	skos:exactMatch	TO:0000250	plant vigor trait	1	sssom:HumanCuration	06/03/2023	orcid:0000-0002-6379-8932|orcid:0000-0002-8461-9745	https://raw.githubusercontent.com/Planteome/CO_340-cowpea-traits/d31aac2ffc87810e769157920e3d1949ac28617a/cowpea_TD.csv	http://purl.obolibrary.org/obo/to/releases/2018-03-09/to.owl
CO_340:0000356	Pod per plant	skos:exactMatch	TO:0001125	pod number trait	1	sssom:HumanCuration	06/03/2023	orcid:0000-0002-6379-8932|orcid:0000-0002-8461-9745	https://raw.githubusercontent.com/Planteome/CO_340-cowpea-traits/d31aac2ffc87810e769157920e3d1949ac28617a/cowpea_TD.csv	http://purl.obolibrary.org/obo/to/releases/2018-03-09/to.owl
CO_340:0000335	Pod weight per plot	skos:narrowMatch	TO:0000871	fruit yield trait	1	sssom:HumanCuration	06/03/2023	orcid:0000-0002-6379-8932|orcid:0000-0002-8461-9745	https://raw.githubusercontent.com/Planteome/CO_340-cowpea-traits/d31aac2ffc87810e769157920e3d1949ac28617a/cowpea_TD.csv	http://purl.obolibrary.org/obo/to/releases/2018-03-09/to.owl
CO_340:0003641	Pod yield	skos:exactMatch	TO:0000871	fruit yield trait	1	sssom:HumanCuration	06/03/2023	orcid:0000-0002-6379-8932|orcid:0000-0002-8461-9745	https://raw.githubusercontent.com/Planteome/CO_340-cowpea-traits/d31aac2ffc87810e769157920e3d1949ac28617a/cowpea_TD.csv	http://purl.obolibrary.org/obo/to/releases/2018-03-09/to.owl
CO_340:0000284	PODS KG/H	skos:exactMatch	TO:0000871	fruit yield trait	1	sssom:HumanCuration	06/03/2023	orcid:0000-0002-6379-8932|orcid:0000-0002-8461-9745	https://raw.githubusercontent.com/Planteome/CO_340-cowpea-traits/d31aac2ffc87810e769157920e3d1949ac28617a/cowpea_TD.csv	http://purl.obolibrary.org/obo/to/releases/2018-03-09/to.owl
CO_340:0000302	Pods per peduncule	skos:exactMatch	TO:0001125	pod number trait	1	sssom:HumanCuration	06/03/2023	orcid:0000-0002-6379-8932|orcid:0000-0002-8461-9745	https://raw.githubusercontent.com/Planteome/CO_340-cowpea-traits/d31aac2ffc87810e769157920e3d1949ac28617a/cowpea_TD.csv	http://purl.obolibrary.org/obo/to/releases/2018-03-09/to.owl
CO_340:0000353	Pods per peduncule	skos:exactMatch	TO:0001125	pod number trait	1	sssom:HumanCuration	06/03/2023	orcid:0000-0002-6379-8932|orcid:0000-0002-8461-9745	https://raw.githubusercontent.com/Planteome/CO_340-cowpea-traits/d31aac2ffc87810e769157920e3d1949ac28617a/cowpea_TD.csv	http://purl.obolibrary.org/obo/to/releases/2018-03-09/to.owl
CO_340:0000449	Pods per plot	skos:narrowMatch	TO:0000871	fruit yield trait	1	sssom:HumanCuration	06/03/2023	orcid:0000-0002-6379-8932|orcid:0000-0002-8461-9745	https://raw.githubusercontent.com/Planteome/CO_340-cowpea-traits/d31aac2ffc87810e769157920e3d1949ac28617a/cowpea_TD.csv	http://purl.obolibrary.org/obo/to/releases/2018-03-09/to.owl
CO_340:0000690	Seed crowding	skos:narrowMatch	TO:0001082	legume fruit morphology trait	1	sssom:HumanCuration	06/03/2023	orcid:0000-0002-6379-8932|orcid:0000-0002-8461-9745	https://raw.githubusercontent.com/Planteome/CO_340-cowpea-traits/d31aac2ffc87810e769157920e3d1949ac28617a/cowpea_TD.csv	http://purl.obolibrary.org/obo/to/releases/2018-03-09/to.owl
CO_340:0000239	Seed per pod	skos:exactMatch	TO:0000445	fruit seed number	1	sssom:HumanCuration	06/03/2023	orcid:0000-0002-6379-8932|orcid:0000-0002-8461-9745	https://raw.githubusercontent.com/Planteome/CO_340-cowpea-traits/d31aac2ffc87810e769157920e3d1949ac28617a/cowpea_TD.csv	http://purl.obolibrary.org/obo/to/releases/2018-03-09/to.owl
CO_340:0005643	Seed weight	skos:exactMatch	TO:0000181	seed weight	1	sssom:HumanCuration	06/03/2023	orcid:0000-0002-6379-8932|orcid:0000-0002-8461-9745	https://raw.githubusercontent.com/Planteome/CO_340-cowpea-traits/d31aac2ffc87810e769157920e3d1949ac28617a/cowpea_TD.csv	http://purl.obolibrary.org/obo/to/releases/2018-03-09/to.owl
CO_340:0000410	Anthracnose damage	skos:narrowMatch	TO:0000439	fungal disease resistance	1	sssom:HumanCuration	06/03/2023	orcid:0000-0002-6379-8932|orcid:0000-0002-8461-9745	https://raw.githubusercontent.com/Planteome/CO_340-cowpea-traits/d31aac2ffc87810e769157920e3d1949ac28617a/cowpea_TD.csv	http://purl.obolibrary.org/obo/to/releases/2018-03-09/to.owl
CO_340:0000386	Aphid damage	skos:narrowMatch	TO:0006067	aphid resistance	1	sssom:HumanCuration	06/03/2023	orcid:0000-0002-6379-8932|orcid:0000-0002-8461-9745	https://raw.githubusercontent.com/Planteome/CO_340-cowpea-traits/d31aac2ffc87810e769157920e3d1949ac28617a/cowpea_TD.csv	http://purl.obolibrary.org/obo/to/releases/2018-03-09/to.owl
CO_340:0000641	Aphid incidence	skos:narrowMatch	TO:0006067	aphid resistance	1	sssom:HumanCuration	06/03/2023	orcid:0000-0002-6379-8932|orcid:0000-0002-8461-9745	https://raw.githubusercontent.com/Planteome/CO_340-cowpea-traits/d31aac2ffc87810e769157920e3d1949ac28617a/cowpea_TD.csv	http://purl.obolibrary.org/obo/to/releases/2018-03-09/to.owl
CO_340:0000642	Aphid severity	skos:narrowMatch	TO:0006067	aphid resistance	1	sssom:HumanCuration	06/03/2023	orcid:0000-0002-6379-8932|orcid:0000-0002-8461-9745	https://raw.githubusercontent.com/Planteome/CO_340-cowpea-traits/d31aac2ffc87810e769157920e3d1949ac28617a/cowpea_TD.csv	http://purl.obolibrary.org/obo/to/releases/2018-03-09/to.owl
CO_340:0000338	Bacteria pustule	skos:narrowMatch	TO:0000315	bacterial disease resistance	1	sssom:HumanCuration	06/03/2023	orcid:0000-0002-6379-8932|orcid:0000-0002-8461-9745	https://raw.githubusercontent.com/Planteome/CO_340-cowpea-traits/d31aac2ffc87810e769157920e3d1949ac28617a/cowpea_TD.csv	http://purl.obolibrary.org/obo/to/releases/2018-03-09/to.owl
CO_340:0002640	Bacterial blight (X. vignicola) severity	skos:narrowMatch	TO:0000315	bacterial disease resistance	1	sssom:HumanCuration	06/03/2023	orcid:0000-0002-6379-8932|orcid:0000-0002-8461-9745	https://raw.githubusercontent.com/Planteome/CO_340-cowpea-traits/d31aac2ffc87810e769157920e3d1949ac28617a/cowpea_TD.csv	http://purl.obolibrary.org/obo/to/releases/2018-03-09/to.owl
CO_340:0000377	Blackeye cowpea mosaic virus	skos:narrowMatch	TO:0000148	viral disease resistance	1	sssom:HumanCuration	06/03/2023	orcid:0000-0002-6379-8932|orcid:0000-0002-8461-9745	https://raw.githubusercontent.com/Planteome/CO_340-cowpea-traits/d31aac2ffc87810e769157920e3d1949ac28617a/cowpea_TD.csv	http://purl.obolibrary.org/obo/to/releases/2018-03-09/to.owl
CO_340:0000323	Blackeye cowpea mosaic virus severity	skos:narrowMatch	TO:0000148	viral disease resistance	1	sssom:HumanCuration	06/03/2023	orcid:0000-0002-6379-8932|orcid:0000-0002-8461-9745	https://raw.githubusercontent.com/Planteome/CO_340-cowpea-traits/d31aac2ffc87810e769157920e3d1949ac28617a/cowpea_TD.csv	http://purl.obolibrary.org/obo/to/releases/2018-03-09/to.owl
CO_340:0000422	Cercospora	skos:narrowMatch	TO:0002702	cercospora leaf spot resistance	1	sssom:HumanCuration	06/03/2023	orcid:0000-0002-6379-8932|orcid:0000-0002-8461-9745	https://raw.githubusercontent.com/Planteome/CO_340-cowpea-traits/d31aac2ffc87810e769157920e3d1949ac28617a/cowpea_TD.csv	http://purl.obolibrary.org/obo/to/releases/2018-03-09/to.owl
CO_340:0000296	Cowpea aphid-borne mosaic virus severity	skos:narrowMatch	TO:0000148	viral disease resistance	1	sssom:HumanCuration	06/03/2023	orcid:0000-0002-6379-8932|orcid:0000-0002-8461-9745	https://raw.githubusercontent.com/Planteome/CO_340-cowpea-traits/d31aac2ffc87810e769157920e3d1949ac28617a/cowpea_TD.csv	http://purl.obolibrary.org/obo/to/releases/2018-03-09/to.owl
CO_340:0000629	Diabrotica	skos:narrowMatch	TO:0000261	insect damage resistance	1	sssom:HumanCuration	06/03/2023	orcid:0000-0002-6379-8932|orcid:0000-0002-8461-9745	https://raw.githubusercontent.com/Planteome/CO_340-cowpea-traits/d31aac2ffc87810e769157920e3d1949ac28617a/cowpea_TD.csv	http://purl.obolibrary.org/obo/to/releases/2018-03-09/to.owl
CO_340:0000644	Flower thrip damage	skos:narrowMatch	TO:0000261	insect damage resistance	1	sssom:HumanCuration	06/03/2023	orcid:0000-0002-6379-8932|orcid:0000-0002-8461-9745	https://raw.githubusercontent.com/Planteome/CO_340-cowpea-traits/d31aac2ffc87810e769157920e3d1949ac28617a/cowpea_TD.csv	http://purl.obolibrary.org/obo/to/releases/2018-03-09/to.owl
CO_340:0000428	Foliar thrip damage	skos:narrowMatch	TO:0000261	insect damage resistance	1	sssom:HumanCuration	06/03/2023	orcid:0000-0002-6379-8932|orcid:0000-0002-8461-9745	https://raw.githubusercontent.com/Planteome/CO_340-cowpea-traits/d31aac2ffc87810e769157920e3d1949ac28617a/cowpea_TD.csv	http://purl.obolibrary.org/obo/to/releases/2018-03-09/to.owl
CO_340:0000380	Fusarium wilt Race 3 damage	skos:narrowMatch	TO:0000439	fungal disease resistance	1	sssom:HumanCuration	06/03/2023	orcid:0000-0002-6379-8932|orcid:0000-0002-8461-9745	https://raw.githubusercontent.com/Planteome/CO_340-cowpea-traits/d31aac2ffc87810e769157920e3d1949ac28617a/cowpea_TD.csv	http://purl.obolibrary.org/obo/to/releases/2018-03-09/to.owl
CO_340:0000383	Fusarium wilt Race 4 damage	skos:narrowMatch	TO:0000439	fungal disease resistance	1	sssom:HumanCuration	06/03/2023	orcid:0000-0002-6379-8932|orcid:0000-0002-8461-9745	https://raw.githubusercontent.com/Planteome/CO_340-cowpea-traits/d31aac2ffc87810e769157920e3d1949ac28617a/cowpea_TD.csv	http://purl.obolibrary.org/obo/to/releases/2018-03-09/to.owl
CO_340:0000584	Leaf rust infestation	skos:narrowMatch	TO:0000439	fungal disease resistance	1	sssom:HumanCuration	06/03/2023	orcid:0000-0002-6379-8932|orcid:0000-0002-8461-9745	https://raw.githubusercontent.com/Planteome/CO_340-cowpea-traits/d31aac2ffc87810e769157920e3d1949ac28617a/cowpea_TD.csv	http://purl.obolibrary.org/obo/to/releases/2018-03-09/to.owl
CO_340:0000545	Leaf scab infestation	skos:narrowMatch	TO:0000439	fungal disease resistance	1	sssom:HumanCuration	06/03/2023	orcid:0000-0002-6379-8932|orcid:0000-0002-8461-9745	https://raw.githubusercontent.com/Planteome/CO_340-cowpea-traits/d31aac2ffc87810e769157920e3d1949ac28617a/cowpea_TD.csv	http://purl.obolibrary.org/obo/to/releases/2018-03-09/to.owl
CO_340:0000563	Leaf spot infestation	skos:narrowMatch	TO:0000439	fungal disease resistance	1	sssom:HumanCuration	06/03/2023	orcid:0000-0002-6379-8932|orcid:0000-0002-8461-9745	https://raw.githubusercontent.com/Planteome/CO_340-cowpea-traits/d31aac2ffc87810e769157920e3d1949ac28617a/cowpea_TD.csv	http://purl.obolibrary.org/obo/to/releases/2018-03-09/to.owl
CO_340:0000643	Leafhopper (Empoasca) damage	skos:narrowMatch	TO:0000261	insect damage resistance	1	sssom:HumanCuration	06/03/2023	orcid:0000-0002-6379-8932|orcid:0000-0002-8461-9745	https://raw.githubusercontent.com/Planteome/CO_340-cowpea-traits/d31aac2ffc87810e769157920e3d1949ac28617a/cowpea_TD.csv	http://purl.obolibrary.org/obo/to/releases/2018-03-09/to.owl
CO_340:0000443	Lygus bug damage	skos:narrowMatch	TO:0000261	insect damage resistance	1	sssom:HumanCuration	06/03/2023	orcid:0000-0002-6379-8932|orcid:0000-0002-8461-9745	https://raw.githubusercontent.com/Planteome/CO_340-cowpea-traits/d31aac2ffc87810e769157920e3d1949ac28617a/cowpea_TD.csv	http://purl.obolibrary.org/obo/to/releases/2018-03-09/to.owl
CO_340:0000557	M. incognita root knot nematode	skos:narrowMatch	TO:0002704	Meloidogyne incognita resistance	1	sssom:HumanCuration	06/03/2023	orcid:0000-0002-6379-8932|orcid:0000-0002-8461-9745	https://raw.githubusercontent.com/Planteome/CO_340-cowpea-traits/d31aac2ffc87810e769157920e3d1949ac28617a/cowpea_TD.csv	http://purl.obolibrary.org/obo/to/releases/2018-03-09/to.owl
CO_340:0000503	M. javanica root knot nematode	skos:narrowMatch	TO:0002706	Meloidogyne javanica resistance	1	sssom:HumanCuration	06/03/2023	orcid:0000-0002-6379-8932|orcid:0000-0002-8461-9745	https://raw.githubusercontent.com/Planteome/CO_340-cowpea-traits/d31aac2ffc87810e769157920e3d1949ac28617a/cowpea_TD.csv	http://purl.obolibrary.org/obo/to/releases/2018-03-09/to.owl
CO_340:0000440	Macrophomina Severity	skos:narrowMatch	TO:0000439	fungal disease resistance	1	sssom:HumanCuration	06/03/2023	orcid:0000-0002-6379-8932|orcid:0000-0002-8461-9745	https://raw.githubusercontent.com/Planteome/CO_340-cowpea-traits/d31aac2ffc87810e769157920e3d1949ac28617a/cowpea_TD.csv	http://purl.obolibrary.org/obo/to/releases/2018-03-09/to.owl
CO_340:0000308	Maruca damage	skos:narrowMatch	TO:0000261	insect damage resistance	1	sssom:HumanCuration	06/03/2023	orcid:0000-0002-6379-8932|orcid:0000-0002-8461-9745	https://raw.githubusercontent.com/Planteome/CO_340-cowpea-traits/d31aac2ffc87810e769157920e3d1949ac28617a/cowpea_TD.csv	http://purl.obolibrary.org/obo/to/releases/2018-03-09/to.owl
CO_340:0000572	Phoma infestation	skos:narrowMatch	TO:0000439	fungal disease resistance	1	sssom:HumanCuration	06/03/2023	orcid:0000-0002-6379-8932|orcid:0000-0002-8461-9745	https://raw.githubusercontent.com/Planteome/CO_340-cowpea-traits/d31aac2ffc87810e769157920e3d1949ac28617a/cowpea_TD.csv	http://purl.obolibrary.org/obo/to/releases/2018-03-09/to.owl
CO_340:0000497	Phytium infestation	skos:narrowMatch	TO:0000439	fungal disease resistance	1	sssom:HumanCuration	06/03/2023	orcid:0000-0002-6379-8932|orcid:0000-0002-8461-9745	https://raw.githubusercontent.com/Planteome/CO_340-cowpea-traits/d31aac2ffc87810e769157920e3d1949ac28617a/cowpea_TD.csv	http://purl.obolibrary.org/obo/to/releases/2018-03-09/to.owl
CO_340:0000359	Plant infected with Striga	skos:narrowMatch	TO:0000444	parasitic weed	1	sssom:HumanCuration	06/03/2023	orcid:0000-0002-6379-8932|orcid:0000-0002-8461-9745	https://raw.githubusercontent.com/Planteome/CO_340-cowpea-traits/d31aac2ffc87810e769157920e3d1949ac28617a/cowpea_TD.csv	http://purl.obolibrary.org/obo/to/releases/2018-03-09/to.owl
CO_340:0000317	Pod sucking bug severity	skos:narrowMatch	TO:0000261	insect damage resistance	1	sssom:HumanCuration	06/03/2023	orcid:0000-0002-6379-8932|orcid:0000-0002-8461-9745	https://raw.githubusercontent.com/Planteome/CO_340-cowpea-traits/d31aac2ffc87810e769157920e3d1949ac28617a/cowpea_TD.csv	http://purl.obolibrary.org/obo/to/releases/2018-03-09/to.owl
CO_340:0000452	Resistance to bacterial blight (X. vignicola)	skos:narrowMatch	TO:0000770	bacterial blight disease resistance	1	sssom:HumanCuration	06/03/2023	orcid:0000-0002-6379-8932|orcid:0000-0002-8461-9745	https://raw.githubusercontent.com/Planteome/CO_340-cowpea-traits/d31aac2ffc87810e769157920e3d1949ac28617a/cowpea_TD.csv	http://purl.obolibrary.org/obo/to/releases/2018-03-09/to.owl
CO_340:0000542	Resistance to M. incognita root knot nematode	skos:narrowMatch	TO:0002704	Meloidogyne incognita resistance	1	sssom:HumanCuration	06/03/2023	orcid:0000-0002-6379-8932|orcid:0000-0002-8461-9745	https://raw.githubusercontent.com/Planteome/CO_340-cowpea-traits/d31aac2ffc87810e769157920e3d1949ac28617a/cowpea_TD.csv	http://purl.obolibrary.org/obo/to/releases/2018-03-09/to.owl
CO_340:0000599	Resistance to M. javanica root knot nematode	skos:narrowMatch	TO:0002706	Meloidogyne javanica resistance	1	sssom:HumanCuration	06/03/2023	orcid:0000-0002-6379-8932|orcid:0000-0002-8461-9745	https://raw.githubusercontent.com/Planteome/CO_340-cowpea-traits/d31aac2ffc87810e769157920e3d1949ac28617a/cowpea_TD.csv	http://purl.obolibrary.org/obo/to/releases/2018-03-09/to.owl
CO_340:0000290	Resistance to Striga gesnerioides	skos:narrowMatch	TO:0000444	parasitic weed	1	sssom:HumanCuration	06/03/2023	orcid:0000-0002-6379-8932|orcid:0000-0002-8461-9745	https://raw.githubusercontent.com/Planteome/CO_340-cowpea-traits/d31aac2ffc87810e769157920e3d1949ac28617a/cowpea_TD.csv	http://purl.obolibrary.org/obo/to/releases/2018-03-09/to.owl
CO_340:0000398	Septoria severity	skos:narrowMatch	TO:0000439	fungal disease resistance	1	sssom:HumanCuration	06/03/2023	orcid:0000-0002-6379-8932|orcid:0000-0002-8461-9745	https://raw.githubusercontent.com/Planteome/CO_340-cowpea-traits/d31aac2ffc87810e769157920e3d1949ac28617a/cowpea_TD.csv	http://purl.obolibrary.org/obo/to/releases/2018-03-09/to.owl
CO_340:0000539	Smut infestation	skos:narrowMatch	TO:0000439	fungal disease resistance	1	sssom:HumanCuration	06/03/2023	orcid:0000-0002-6379-8932|orcid:0000-0002-8461-9745	https://raw.githubusercontent.com/Planteome/CO_340-cowpea-traits/d31aac2ffc87810e769157920e3d1949ac28617a/cowpea_TD.csv	http://purl.obolibrary.org/obo/to/releases/2018-03-09/to.owl
CO_340:0000368	Stem rot damage	skos:narrowMatch	TO:0000439	fungal disease resistance	1	sssom:HumanCuration	06/03/2023	orcid:0000-0002-6379-8932|orcid:0000-0002-8461-9745	https://raw.githubusercontent.com/Planteome/CO_340-cowpea-traits/d31aac2ffc87810e769157920e3d1949ac28617a/cowpea_TD.csv	http://purl.obolibrary.org/obo/to/releases/2018-03-09/to.owl
CO_340:0000299	Thrip damage to podset	skos:narrowMatch	TO:0000261	insect damage resistance	1	sssom:HumanCuration	06/03/2023	orcid:0000-0002-6379-8932|orcid:0000-0002-8461-9745	https://raw.githubusercontent.com/Planteome/CO_340-cowpea-traits/d31aac2ffc87810e769157920e3d1949ac28617a/cowpea_TD.csv	http://purl.obolibrary.org/obo/to/releases/2018-03-09/to.owl
CO_340:0000389	Thrip damage to stipules	skos:narrowMatch	TO:0000261	insect damage resistance	1	sssom:HumanCuration	06/03/2023	orcid:0000-0002-6379-8932|orcid:0000-0002-8461-9745	https://raw.githubusercontent.com/Planteome/CO_340-cowpea-traits/d31aac2ffc87810e769157920e3d1949ac28617a/cowpea_TD.csv	http://purl.obolibrary.org/obo/to/releases/2018-03-09/to.owl
CO_340:0000362	Thrip Resistance	skos:narrowMatch	TO:0000261	insect damage resistance	1	sssom:HumanCuration	06/03/2023	orcid:0000-0002-6379-8932|orcid:0000-0002-8461-9745	https://raw.githubusercontent.com/Planteome/CO_340-cowpea-traits/d31aac2ffc87810e769157920e3d1949ac28617a/cowpea_TD.csv	http://purl.obolibrary.org/obo/to/releases/2018-03-09/to.owl
CO_340:0000278	Virus Incidence	skos:narrowMatch	TO:0000148	viral disease resistance	1	sssom:HumanCuration	06/03/2023	orcid:0000-0002-6379-8932|orcid:0000-0002-8461-9745	https://raw.githubusercontent.com/Planteome/CO_340-cowpea-traits/d31aac2ffc87810e769157920e3d1949ac28617a/cowpea_TD.csv	http://purl.obolibrary.org/obo/to/releases/2018-03-09/to.owl
CO_340:0000275	Virus Severity	skos:narrowMatch	TO:0000148	viral disease resistance	1	sssom:HumanCuration	06/03/2023	orcid:0000-0002-6379-8932|orcid:0000-0002-8461-9745	https://raw.githubusercontent.com/Planteome/CO_340-cowpea-traits/d31aac2ffc87810e769157920e3d1949ac28617a/cowpea_TD.csv	http://purl.obolibrary.org/obo/to/releases/2018-03-09/to.owl
CO_340:0000365	Web blight damage	skos:narrowMatch	TO:0000439	fungal disease resistance	1	sssom:HumanCuration	06/03/2023	orcid:0000-0002-6379-8932|orcid:0000-0002-8461-9745	https://raw.githubusercontent.com/Planteome/CO_340-cowpea-traits/d31aac2ffc87810e769157920e3d1949ac28617a/cowpea_TD.csv	http://purl.obolibrary.org/obo/to/releases/2018-03-09/to.owl
CO_340:0000693	Adventitous root growth angle	skos:narrowMatch	TO:0000043	root morphology trait	1	sssom:HumanCuration	06/03/2023	orcid:0000-0002-6379-8932|orcid:0000-0002-8461-9745	https://raw.githubusercontent.com/Planteome/CO_340-cowpea-traits/d31aac2ffc87810e769157920e3d1949ac28617a/cowpea_TD.csv	http://purl.obolibrary.org/obo/to/releases/2018-03-09/to.owl
CO_340:0000694	Basal root growth angle	skos:narrowMatch	TO:0000043	root morphology trait	1	sssom:HumanCuration	06/03/2023	orcid:0000-0002-6379-8932|orcid:0000-0002-8461-9745	https://raw.githubusercontent.com/Planteome/CO_340-cowpea-traits/d31aac2ffc87810e769157920e3d1949ac28617a/cowpea_TD.csv	http://purl.obolibrary.org/obo/to/releases/2018-03-09/to.owl
CO_340:0000706	3rd order branching density	skos:narrowMatch	TO:0002639	shoot branching	1	sssom:HumanCuration	06/03/2023	orcid:0000-0002-6379-8932|orcid:0000-0002-8461-9745	https://raw.githubusercontent.com/Planteome/CO_340-cowpea-traits/d31aac2ffc87810e769157920e3d1949ac28617a/cowpea_TD.csv	http://purl.obolibrary.org/obo/to/releases/2018-03-09/to.owl
CO_340:0000702	Branching density 10-15	skos:narrowMatch	TO:0001013	lateral root number	1	sssom:HumanCuration	06/03/2023	orcid:0000-0002-6379-8932|orcid:0000-0002-8461-9745	https://raw.githubusercontent.com/Planteome/CO_340-cowpea-traits/d31aac2ffc87810e769157920e3d1949ac28617a/cowpea_TD.csv	http://purl.obolibrary.org/obo/to/releases/2018-03-09/to.owl
CO_340:0000701	Branching density 5-10	skos:narrowMatch	TO:0001013	lateral root number	1	sssom:HumanCuration	06/03/2023	orcid:0000-0002-6379-8932|orcid:0000-0002-8461-9745	https://raw.githubusercontent.com/Planteome/CO_340-cowpea-traits/d31aac2ffc87810e769157920e3d1949ac28617a/cowpea_TD.csv	http://purl.obolibrary.org/obo/to/releases/2018-03-09/to.owl
CO_340:0000682	Calyx lobe length	skos:narrowMatch	TO:0000864	sepal morphology trait	1	sssom:HumanCuration	06/03/2023	orcid:0000-0002-6379-8932|orcid:0000-0002-8461-9745	https://raw.githubusercontent.com/Planteome/CO_340-cowpea-traits/d31aac2ffc87810e769157920e3d1949ac28617a/cowpea_TD.csv	http://purl.obolibrary.org/obo/to/releases/2018-03-09/to.owl
CO_340:0000437	Color of dry pod	skos:exactMatch	TO:0000901	dry fruit color	1	sssom:HumanCuration	06/03/2023	orcid:0000-0002-6379-8932|orcid:0000-0002-8461-9745	https://raw.githubusercontent.com/Planteome/CO_340-cowpea-traits/d31aac2ffc87810e769157920e3d1949ac28617a/cowpea_TD.csv	http://purl.obolibrary.org/obo/to/releases/2018-03-09/to.owl
CO_340:0000662	Eye colour	skos:exactMatch	TO:0000190	seed coat color	1	sssom:HumanCuration	06/03/2023	orcid:0000-0002-6379-8932|orcid:0000-0002-8461-9745	https://raw.githubusercontent.com/Planteome/CO_340-cowpea-traits/d31aac2ffc87810e769157920e3d1949ac28617a/cowpea_TD.csv	http://purl.obolibrary.org/obo/to/releases/2018-03-09/to.owl
CO_340:0000663	Eye pattern	skos:exactMatch	TO:0000904	seed coat pattern	1	sssom:HumanCuration	06/03/2023	orcid:0000-0002-6379-8932|orcid:0000-0002-8461-9745	https://raw.githubusercontent.com/Planteome/CO_340-cowpea-traits/d31aac2ffc87810e769157920e3d1949ac28617a/cowpea_TD.csv	http://purl.obolibrary.org/obo/to/releases/2018-03-09/to.owl
CO_340:0000431	Flower color	skos:exactMatch	TO:0000537	flower color	1	sssom:HumanCuration	06/03/2023	orcid:0000-0002-6379-8932|orcid:0000-0002-8461-9745	https://raw.githubusercontent.com/Planteome/CO_340-cowpea-traits/d31aac2ffc87810e769157920e3d1949ac28617a/cowpea_TD.csv	http://purl.obolibrary.org/obo/to/releases/2018-03-09/to.owl
CO_340:0000681	Flower length	skos:exactMatch	TO:0000860	flower length	1	sssom:HumanCuration	06/03/2023	orcid:0000-0002-6379-8932|orcid:0000-0002-8461-9745	https://raw.githubusercontent.com/Planteome/CO_340-cowpea-traits/d31aac2ffc87810e769157920e3d1949ac28617a/cowpea_TD.csv	http://purl.obolibrary.org/obo/to/releases/2018-03-09/to.owl
CO_340:0000680	Flowering pigment pattern	skos:narrowMatch	TO:0000537	flower color	1	sssom:HumanCuration	06/03/2023	orcid:0000-0002-6379-8932|orcid:0000-0002-8461-9745	https://raw.githubusercontent.com/Planteome/CO_340-cowpea-traits/d31aac2ffc87810e769157920e3d1949ac28617a/cowpea_TD.csv	http://purl.obolibrary.org/obo/to/releases/2018-03-09/to.owl
CO_340:0000664	Hypocotyl length	skos:exactMatch	TO:0006065	seedling hypocotyl length	1	sssom:HumanCuration	06/03/2023	orcid:0000-0002-6379-8932|orcid:0000-0002-8461-9745	https://raw.githubusercontent.com/Planteome/CO_340-cowpea-traits/d31aac2ffc87810e769157920e3d1949ac28617a/cowpea_TD.csv	http://purl.obolibrary.org/obo/to/releases/2018-03-09/to.owl
CO_340:0000658	Immature pod pigmentation	skos:narrowMatch	TO:0001082	legume fruit morphology trait	1	sssom:HumanCuration	06/03/2023	orcid:0000-0002-6379-8932|orcid:0000-0002-8461-9745	https://raw.githubusercontent.com/Planteome/CO_340-cowpea-traits/d31aac2ffc87810e769157920e3d1949ac28617a/cowpea_TD.csv	http://purl.obolibrary.org/obo/to/releases/2018-03-09/to.owl
CO_340:0000665	Leaf colour	skos:exactMatch	TO:0000326	leaf color	1	sssom:HumanCuration	06/03/2023	orcid:0000-0002-6379-8932|orcid:0000-0002-8461-9745	https://raw.githubusercontent.com/Planteome/CO_340-cowpea-traits/d31aac2ffc87810e769157920e3d1949ac28617a/cowpea_TD.csv	http://purl.obolibrary.org/obo/to/releases/2018-03-09/to.owl
CO_340:0000666	Leaf marking	skos:narrowMatch	TO:0000748	leaf morphology trait	1	sssom:HumanCuration	06/03/2023	orcid:0000-0002-6379-8932|orcid:0000-0002-8461-9745	https://raw.githubusercontent.com/Planteome/CO_340-cowpea-traits/d31aac2ffc87810e769157920e3d1949ac28617a/cowpea_TD.csv	http://purl.obolibrary.org/obo/to/releases/2018-03-09/to.owl
CO_340:0000669	Leaf texture	skos:narrowMatch	TO:0000748	leaf morphology trait	1	sssom:HumanCuration	06/03/2023	orcid:0000-0002-6379-8932|orcid:0000-0002-8461-9745	https://raw.githubusercontent.com/Planteome/CO_340-cowpea-traits/d31aac2ffc87810e769157920e3d1949ac28617a/cowpea_TD.csv	http://purl.obolibrary.org/obo/to/releases/2018-03-09/to.owl
CO_340:0000401	Length of pods	skos:exactMatch	TO:0002626	fruit length	1	sssom:HumanCuration	06/03/2023	orcid:0000-0002-6379-8932|orcid:0000-0002-8461-9745	https://raw.githubusercontent.com/Planteome/CO_340-cowpea-traits/d31aac2ffc87810e769157920e3d1949ac28617a/cowpea_TD.csv	http://purl.obolibrary.org/obo/to/releases/2018-03-09/to.owl
CO_340:0000700	Number of adventitious roots	skos:exactMatch	TO:0001006	adventitious root number	1	sssom:HumanCuration	06/03/2023	orcid:0000-0002-6379-8932|orcid:0000-0002-8461-9745	https://raw.githubusercontent.com/Planteome/CO_340-cowpea-traits/d31aac2ffc87810e769157920e3d1949ac28617a/cowpea_TD.csv	http://purl.obolibrary.org/obo/to/releases/2018-03-09/to.owl
CO_340:0000672	Number of main branches	skos:exactMatch	TO:0000547	primary branch number	1	sssom:HumanCuration	06/03/2023	orcid:0000-0002-6379-8932|orcid:0000-0002-8461-9745	https://raw.githubusercontent.com/Planteome/CO_340-cowpea-traits/d31aac2ffc87810e769157920e3d1949ac28617a/cowpea_TD.csv	http://purl.obolibrary.org/obo/to/releases/2018-03-09/to.owl
CO_340:0000673	Number of nodes	skos:exactMatch	TO:0000634	stem node number	1	sssom:HumanCuration	06/03/2023	orcid:0000-0002-6379-8932|orcid:0000-0002-8461-9745	https://raw.githubusercontent.com/Planteome/CO_340-cowpea-traits/d31aac2ffc87810e769157920e3d1949ac28617a/cowpea_TD.csv	http://purl.obolibrary.org/obo/to/releases/2018-03-09/to.owl
CO_340:0000705	Number of tap laterals	skos:exactMatch	TO:0001013	lateral root number	1	sssom:HumanCuration	06/03/2023	orcid:0000-0002-6379-8932|orcid:0000-0002-8461-9745	https://raw.githubusercontent.com/Planteome/CO_340-cowpea-traits/d31aac2ffc87810e769157920e3d1949ac28617a/cowpea_TD.csv	http://purl.obolibrary.org/obo/to/releases/2018-03-09/to.owl
CO_340:0000623	Peduncle length	skos:exactMatch	TO:0002691	peduncle length	1	sssom:HumanCuration	06/03/2023	orcid:0000-0002-6379-8932|orcid:0000-0002-8461-9745	https://raw.githubusercontent.com/Planteome/CO_340-cowpea-traits/d31aac2ffc87810e769157920e3d1949ac28617a/cowpea_TD.csv	http://purl.obolibrary.org/obo/to/releases/2018-03-09/to.owl
CO_340:0000655	Plant hairiness	skos:exactMatch	TO:0002722	leaf pubescence	1	sssom:HumanCuration	06/03/2023	orcid:0000-0002-6379-8932|orcid:0000-0002-8461-9745	https://raw.githubusercontent.com/Planteome/CO_340-cowpea-traits/d31aac2ffc87810e769157920e3d1949ac28617a/cowpea_TD.csv	http://purl.obolibrary.org/obo/to/releases/2018-03-09/to.owl
CO_340:0000569	Plant height	skos:exactMatch	TO:0000207	plant height	1	sssom:HumanCuration	06/03/2023	orcid:0000-0002-6379-8932|orcid:0000-0002-8461-9745	https://raw.githubusercontent.com/Planteome/CO_340-cowpea-traits/d31aac2ffc87810e769157920e3d1949ac28617a/cowpea_TD.csv	http://purl.obolibrary.org/obo/to/releases/2018-03-09/to.owl
CO_340:0000653	Plant pigmentation	skos:exactMatch	TO:0000708	plant color	1	sssom:HumanCuration	06/03/2023	orcid:0000-0002-6379-8932|orcid:0000-0002-8461-9745	https://raw.githubusercontent.com/Planteome/CO_340-cowpea-traits/d31aac2ffc87810e769157920e3d1949ac28617a/cowpea_TD.csv	http://purl.obolibrary.org/obo/to/releases/2018-03-09/to.owl
CO_340:0000657	Pod attachment to peduncle	skos:narrowMatch	TO:0001082	legume fruit morphology trait	1	sssom:HumanCuration	06/03/2023	orcid:0000-0002-6379-8932|orcid:0000-0002-8461-9745	https://raw.githubusercontent.com/Planteome/CO_340-cowpea-traits/d31aac2ffc87810e769157920e3d1949ac28617a/cowpea_TD.csv	http://purl.obolibrary.org/obo/to/releases/2018-03-09/to.owl
CO_340:0000686	Pod colour	skos:narrowMatch	TO:0001082	legume fruit morphology trait	1	sssom:HumanCuration	06/03/2023	orcid:0000-0002-6379-8932|orcid:0000-0002-8461-9745	https://raw.githubusercontent.com/Planteome/CO_340-cowpea-traits/d31aac2ffc87810e769157920e3d1949ac28617a/cowpea_TD.csv	http://purl.obolibrary.org/obo/to/releases/2018-03-09/to.owl
CO_340:0000659	Pod curvature	skos:narrowMatch	TO:0001082	legume fruit morphology trait	1	sssom:HumanCuration	06/03/2023	orcid:0000-0002-6379-8932|orcid:0000-0002-8461-9745	https://raw.githubusercontent.com/Planteome/CO_340-cowpea-traits/d31aac2ffc87810e769157920e3d1949ac28617a/cowpea_TD.csv	http://purl.obolibrary.org/obo/to/releases/2018-03-09/to.owl
CO_340:0000685	Pod wall thickness	skos:narrowMatch	TO:0001082	legume fruit morphology trait	1	sssom:HumanCuration	06/03/2023	orcid:0000-0002-6379-8932|orcid:0000-0002-8461-9745	https://raw.githubusercontent.com/Planteome/CO_340-cowpea-traits/d31aac2ffc87810e769157920e3d1949ac28617a/cowpea_TD.csv	http://purl.obolibrary.org/obo/to/releases/2018-03-09/to.owl
CO_340:0000684	Pod width	skos:narrowMatch	TO:0001082	legume fruit morphology trait	1	sssom:HumanCuration	06/03/2023	orcid:0000-0002-6379-8932|orcid:0000-0002-8461-9745	https://raw.githubusercontent.com/Planteome/CO_340-cowpea-traits/d31aac2ffc87810e769157920e3d1949ac28617a/cowpea_TD.csv	http://purl.obolibrary.org/obo/to/releases/2018-03-09/to.owl
CO_340:0000656	Raceme position	skos:exactMatch	TO:0000682	inflorescence height	1	sssom:HumanCuration	06/03/2023	orcid:0000-0002-6379-8932|orcid:0000-0002-8461-9745	https://raw.githubusercontent.com/Planteome/CO_340-cowpea-traits/d31aac2ffc87810e769157920e3d1949ac28617a/cowpea_TD.csv	http://purl.obolibrary.org/obo/to/releases/2018-03-09/to.owl
CO_340:0000687	Seed length	skos:exactMatch	TO:0000146	seed length	1	sssom:HumanCuration	06/03/2023	orcid:0000-0002-6379-8932|orcid:0000-0002-8461-9745	https://raw.githubusercontent.com/Planteome/CO_340-cowpea-traits/d31aac2ffc87810e769157920e3d1949ac28617a/cowpea_TD.csv	http://purl.obolibrary.org/obo/to/releases/2018-03-09/to.owl
CO_340:0000660	Seed Shape	skos:exactMatch	TO:0000484	seed shape	1	sssom:HumanCuration	06/03/2023	orcid:0000-0002-6379-8932|orcid:0000-0002-8461-9745	https://raw.githubusercontent.com/Planteome/CO_340-cowpea-traits/d31aac2ffc87810e769157920e3d1949ac28617a/cowpea_TD.csv	http://purl.obolibrary.org/obo/to/releases/2018-03-09/to.owl
CO_340:0000689	Seed thickness	skos:exactMatch	TO:0000304	seed thickness	1	sssom:HumanCuration	06/03/2023	orcid:0000-0002-6379-8932|orcid:0000-0002-8461-9745	https://raw.githubusercontent.com/Planteome/CO_340-cowpea-traits/d31aac2ffc87810e769157920e3d1949ac28617a/cowpea_TD.csv	http://purl.obolibrary.org/obo/to/releases/2018-03-09/to.owl
CO_340:0000688	Seed width	skos:exactMatch	TO:0000149	seed width	1	sssom:HumanCuration	06/03/2023	orcid:0000-0002-6379-8932|orcid:0000-0002-8461-9745	https://raw.githubusercontent.com/Planteome/CO_340-cowpea-traits/d31aac2ffc87810e769157920e3d1949ac28617a/cowpea_TD.csv	http://purl.obolibrary.org/obo/to/releases/2018-03-09/to.owl
CO_340:0000691	Splitting of testa	skos:narrowMatch	TO:0000838	seed coat morphology trait	1	sssom:HumanCuration	06/03/2023	orcid:0000-0002-6379-8932|orcid:0000-0002-8461-9745	https://raw.githubusercontent.com/Planteome/CO_340-cowpea-traits/d31aac2ffc87810e769157920e3d1949ac28617a/cowpea_TD.csv	http://purl.obolibrary.org/obo/to/releases/2018-03-09/to.owl
CO_340:0000695	Stem diameter	skos:exactMatch	TO:0020083	stem diameter	1	sssom:HumanCuration	06/03/2023	orcid:0000-0002-6379-8932|orcid:0000-0002-8461-9745	https://raw.githubusercontent.com/Planteome/CO_340-cowpea-traits/d31aac2ffc87810e769157920e3d1949ac28617a/cowpea_TD.csv	http://purl.obolibrary.org/obo/to/releases/2018-03-09/to.owl
CO_340:0000670	Stipule length	skos:exactMatch	TO:1000020	stipule length	1	sssom:HumanCuration	06/03/2023	orcid:0000-0002-6379-8932|orcid:0000-0002-8461-9745	https://raw.githubusercontent.com/Planteome/CO_340-cowpea-traits/d31aac2ffc87810e769157920e3d1949ac28617a/cowpea_TD.csv	http://purl.obolibrary.org/obo/to/releases/2018-03-09/to.owl
CO_340:0000671	Stipule width	skos:narrowMatch	TO:0000754	cardinal organ part morphology trait	1	sssom:HumanCuration	06/03/2023	orcid:0000-0002-6379-8932|orcid:0000-0002-8461-9745	https://raw.githubusercontent.com/Planteome/CO_340-cowpea-traits/d31aac2ffc87810e769157920e3d1949ac28617a/cowpea_TD.csv	http://purl.obolibrary.org/obo/to/releases/2018-03-09/to.owl
CO_340:0000708	Tap root diameter	skos:exactMatch	TO:0000306	root thickness	1	sssom:HumanCuration	06/03/2023	orcid:0000-0002-6379-8932|orcid:0000-0002-8461-9745	https://raw.githubusercontent.com/Planteome/CO_340-cowpea-traits/d31aac2ffc87810e769157920e3d1949ac28617a/cowpea_TD.csv	http://purl.obolibrary.org/obo/to/releases/2018-03-09/to.owl
CO_340:0000697	Tap root diameter at 10	skos:narrowMatch	TO:0000306	root thickness	1	sssom:HumanCuration	06/03/2023	orcid:0000-0002-6379-8932|orcid:0000-0002-8461-9745	https://raw.githubusercontent.com/Planteome/CO_340-cowpea-traits/d31aac2ffc87810e769157920e3d1949ac28617a/cowpea_TD.csv	http://purl.obolibrary.org/obo/to/releases/2018-03-09/to.owl
CO_340:0000698	Tap root diameter at 15	skos:narrowMatch	TO:0000306	root thickness	1	sssom:HumanCuration	06/03/2023	orcid:0000-0002-6379-8932|orcid:0000-0002-8461-9745	https://raw.githubusercontent.com/Planteome/CO_340-cowpea-traits/d31aac2ffc87810e769157920e3d1949ac28617a/cowpea_TD.csv	http://purl.obolibrary.org/obo/to/releases/2018-03-09/to.owl
CO_340:0000696	Tap root diameter at 5	skos:narrowMatch	TO:0000306	root thickness	1	sssom:HumanCuration	06/03/2023	orcid:0000-0002-6379-8932|orcid:0000-0002-8461-9745	https://raw.githubusercontent.com/Planteome/CO_340-cowpea-traits/d31aac2ffc87810e769157920e3d1949ac28617a/cowpea_TD.csv	http://purl.obolibrary.org/obo/to/releases/2018-03-09/to.owl
CO_340:0000667	Terminal leaflet length	skos:narrowMatch	TO:0001115	leaflet length	1	sssom:HumanCuration	06/03/2023	orcid:0000-0002-6379-8932|orcid:0000-0002-8461-9745	https://raw.githubusercontent.com/Planteome/CO_340-cowpea-traits/d31aac2ffc87810e769157920e3d1949ac28617a/cowpea_TD.csv	http://purl.obolibrary.org/obo/to/releases/2018-03-09/to.owl
CO_340:0000654	Terminal leaflet shape	skos:exactMatch	TO:0001116	leaflet shape	1	sssom:HumanCuration	06/03/2023	orcid:0000-0002-6379-8932|orcid:0000-0002-8461-9745	https://raw.githubusercontent.com/Planteome/CO_340-cowpea-traits/d31aac2ffc87810e769157920e3d1949ac28617a/cowpea_TD.csv	http://purl.obolibrary.org/obo/to/releases/2018-03-09/to.owl
CO_340:0000668	Terminal leaflet width	skos:narrowMatch	TO:0001118	leaflet width	1	sssom:HumanCuration	06/03/2023	orcid:0000-0002-6379-8932|orcid:0000-0002-8461-9745	https://raw.githubusercontent.com/Planteome/CO_340-cowpea-traits/d31aac2ffc87810e769157920e3d1949ac28617a/cowpea_TD.csv	http://purl.obolibrary.org/obo/to/releases/2018-03-09/to.owl
CO_340:0000661	Testa texture	skos:exactMatch	TO:0000903	seed coat texture	1	sssom:HumanCuration	06/03/2023	orcid:0000-0002-6379-8932|orcid:0000-0002-8461-9745	https://raw.githubusercontent.com/Planteome/CO_340-cowpea-traits/d31aac2ffc87810e769157920e3d1949ac28617a/cowpea_TD.csv	http://purl.obolibrary.org/obo/to/releases/2018-03-09/to.owl
CO_340:0000652	Twinning tendency	skos:narrowMatch	TO:0000933	plant phenological trait	1	sssom:HumanCuration	06/03/2023	orcid:0000-0002-6379-8932|orcid:0000-0002-8461-9745	https://raw.githubusercontent.com/Planteome/CO_340-cowpea-traits/d31aac2ffc87810e769157920e3d1949ac28617a/cowpea_TD.csv	http://purl.obolibrary.org/obo/to/releases/2018-03-09/to.owl
CO_340:0000233	Flowering time	skos:exactMatch	TO:0002616	flowering time trait	1	sssom:HumanCuration	06/03/2023	orcid:0000-0002-6379-8932|orcid:0000-0002-8461-9745	https://raw.githubusercontent.com/Planteome/CO_340-cowpea-traits/d31aac2ffc87810e769157920e3d1949ac28617a/cowpea_TD.csv	http://purl.obolibrary.org/obo/to/releases/2018-03-09/to.owl
CO_340:0000236	Maturity time	skos:exactMatch	TO:0000469	days to maturity	1	sssom:HumanCuration	06/03/2023	orcid:0000-0002-6379-8932|orcid:0000-0002-8461-9745	https://raw.githubusercontent.com/Planteome/CO_340-cowpea-traits/d31aac2ffc87810e769157920e3d1949ac28617a/cowpea_TD.csv	http://purl.obolibrary.org/obo/to/releases/2018-03-09/to.owl
CO_340:0000533	Pode emergence time	skos:narrowMatch	TO:0000933	plant phenological trait	1	sssom:HumanCuration	06/03/2023	orcid:0000-0002-6379-8932|orcid:0000-0002-8461-9745	https://raw.githubusercontent.com/Planteome/CO_340-cowpea-traits/d31aac2ffc87810e769157920e3d1949ac28617a/cowpea_TD.csv	http://purl.obolibrary.org/obo/to/releases/2018-03-09/to.owl
CO_340:0000341	Time to first flower	skos:narrowMatch	TO:0002616	flowering time trait	1	sssom:HumanCuration	06/03/2023	orcid:0000-0002-6379-8932|orcid:0000-0002-8461-9745	https://raw.githubusercontent.com/Planteome/CO_340-cowpea-traits/d31aac2ffc87810e769157920e3d1949ac28617a/cowpea_TD.csv	http://purl.obolibrary.org/obo/to/releases/2018-03-09/to.owl
CO_340:0000344	Time to first mature pod	skos:narrowMatch	TO:0000933	plant phenological trait	1	sssom:HumanCuration	06/03/2023	orcid:0000-0002-6379-8932|orcid:0000-0002-8461-9745	https://raw.githubusercontent.com/Planteome/CO_340-cowpea-traits/d31aac2ffc87810e769157920e3d1949ac28617a/cowpea_TD.csv	http://purl.obolibrary.org/obo/to/releases/2018-03-09/to.owl
CO_340:0000476	Cooking time	skos:exactMatch	TO:0001069	cooking quality trait	1	sssom:HumanCuration	06/03/2023	orcid:0000-0002-6379-8932|orcid:0000-0002-8461-9745	https://raw.githubusercontent.com/Planteome/CO_340-cowpea-traits/d31aac2ffc87810e769157920e3d1949ac28617a/cowpea_TD.csv	http://purl.obolibrary.org/obo/to/releases/2018-03-09/to.owl
CO_340:0000679	Dry matter digestibility	skos:exactMatch	TO:0002644	dry matter digestibility	1	sssom:HumanCuration	06/03/2023	orcid:0000-0002-6379-8932|orcid:0000-0002-8461-9745	https://raw.githubusercontent.com/Planteome/CO_340-cowpea-traits/d31aac2ffc87810e769157920e3d1949ac28617a/cowpea_TD.csv	http://purl.obolibrary.org/obo/to/releases/2018-03-09/to.owl
CO_340:0000575	Grain protein content	skos:exactMatch	TO:0000490	seed protein composition trait	1	sssom:HumanCuration	06/03/2023	orcid:0000-0002-6379-8932|orcid:0000-0002-8461-9745	https://raw.githubusercontent.com/Planteome/CO_340-cowpea-traits/d31aac2ffc87810e769157920e3d1949ac28617a/cowpea_TD.csv	http://purl.obolibrary.org/obo/to/releases/2018-03-09/to.owl
CO_340:0000548	Grain sucrose content	skos:narrowMatch	TO:0000328	sucrose content	1	sssom:HumanCuration	06/03/2023	orcid:0000-0002-6379-8932|orcid:0000-0002-8461-9745	https://raw.githubusercontent.com/Planteome/CO_340-cowpea-traits/d31aac2ffc87810e769157920e3d1949ac28617a/cowpea_TD.csv	http://purl.obolibrary.org/obo/to/releases/2018-03-09/to.owl
CO_340:0000611	Iron concentration	skos:narrowMatch	TO:0006049	iron concentration	1	sssom:HumanCuration	06/03/2023	orcid:0000-0002-6379-8932|orcid:0000-0002-8461-9745	https://raw.githubusercontent.com/Planteome/CO_340-cowpea-traits/d31aac2ffc87810e769157920e3d1949ac28617a/cowpea_TD.csv	http://purl.obolibrary.org/obo/to/releases/2018-03-09/to.owl
CO_340:0000890	Iron concentration	skos:narrowMatch	TO:0006049	iron concentration	1	sssom:HumanCuration	06/03/2023	orcid:0000-0002-6379-8932|orcid:0000-0002-8461-9745	https://raw.githubusercontent.com/Planteome/CO_340-cowpea-traits/d31aac2ffc87810e769157920e3d1949ac28617a/cowpea_TD.csv	http://purl.obolibrary.org/obo/to/releases/2018-03-09/to.owl
CO_340:0000875	Leaf protein content	skos:narrowMatch	TO:0000598	protein content	1	sssom:HumanCuration	06/03/2023	orcid:0000-0002-6379-8932|orcid:0000-0002-8461-9745	https://raw.githubusercontent.com/Planteome/CO_340-cowpea-traits/d31aac2ffc87810e769157920e3d1949ac28617a/cowpea_TD.csv	http://purl.obolibrary.org/obo/to/releases/2018-03-09/to.owl
CO_340:0000395	Pigment bleeding	skos:exactMatch	TO:0000902	seed coat pigment bleeding	1	sssom:HumanCuration	06/03/2023	orcid:0000-0002-6379-8932|orcid:0000-0002-8461-9745	https://raw.githubusercontent.com/Planteome/CO_340-cowpea-traits/d31aac2ffc87810e769157920e3d1949ac28617a/cowpea_TD.csv	http://purl.obolibrary.org/obo/to/releases/2018-03-09/to.owl
CO_340:0000272	Seed coat pattern	skos:exactMatch	TO:0000904	seed coat pattern	1	sssom:HumanCuration	06/03/2023	orcid:0000-0002-6379-8932|orcid:0000-0002-8461-9745	https://raw.githubusercontent.com/Planteome/CO_340-cowpea-traits/d31aac2ffc87810e769157920e3d1949ac28617a/cowpea_TD.csv	http://purl.obolibrary.org/obo/to/releases/2018-03-09/to.owl
CO_340:0000419	Seed shape	skos:exactMatch	TO:0000484	seed shape	1	sssom:HumanCuration	06/03/2023	orcid:0000-0002-6379-8932|orcid:0000-0002-8461-9745	https://raw.githubusercontent.com/Planteome/CO_340-cowpea-traits/d31aac2ffc87810e769157920e3d1949ac28617a/cowpea_TD.csv	http://purl.obolibrary.org/obo/to/releases/2018-03-09/to.owl
CO_340:0000413	Seedcoat	skos:exactMatch	TO:0000903	seed coat texture	1	sssom:HumanCuration	06/03/2023	orcid:0000-0002-6379-8932|orcid:0000-0002-8461-9745	https://raw.githubusercontent.com/Planteome/CO_340-cowpea-traits/d31aac2ffc87810e769157920e3d1949ac28617a/cowpea_TD.csv	http://purl.obolibrary.org/obo/to/releases/2018-03-09/to.owl
CO_340:0000416	Seedcoat color	skos:exactMatch	TO:0000190	seed coat color	1	sssom:HumanCuration	06/03/2023	orcid:0000-0002-6379-8932|orcid:0000-0002-8461-9745	https://raw.githubusercontent.com/Planteome/CO_340-cowpea-traits/d31aac2ffc87810e769157920e3d1949ac28617a/cowpea_TD.csv	http://purl.obolibrary.org/obo/to/releases/2018-03-09/to.owl
CO_340:0000374	Threshability	skos:exactMatch	TO:0001073	fruit shattering	1	sssom:HumanCuration	06/03/2023	orcid:0000-0002-6379-8932|orcid:0000-0002-8461-9745	https://raw.githubusercontent.com/Planteome/CO_340-cowpea-traits/d31aac2ffc87810e769157920e3d1949ac28617a/cowpea_TD.csv	http://purl.obolibrary.org/obo/to/releases/2018-03-09/to.owl
CO_340:0000608	Zinc concentration	skos:narrowMatch	TO:0006053	zinc concentration	1	sssom:HumanCuration	06/03/2023	orcid:0000-0002-6379-8932|orcid:0000-0002-8461-9745	https://raw.githubusercontent.com/Planteome/CO_340-cowpea-traits/d31aac2ffc87810e769157920e3d1949ac28617a/cowpea_TD.csv	http://purl.obolibrary.org/obo/to/releases/2018-03-09/to.owl
CO_340:0000879	Zinc concentration	skos:narrowMatch	TO:0006053	zinc concentration	1	sssom:HumanCuration	06/03/2023	orcid:0000-0002-6379-8932|orcid:0000-0002-8461-9745	https://raw.githubusercontent.com/Planteome/CO_340-cowpea-traits/d31aac2ffc87810e769157920e3d1949ac28617a/cowpea_TD.csv	http://purl.obolibrary.org/obo/to/releases/2018-03-09/to.owl
